{"cameraMode":{"drawMode":0,"name":"Shaded","section":"Shading Mode"},"sceneLighting":true,"audioPlay":false,"sceneViewState":{"m_AlwaysRefresh":false,"showFog":true,"showSkybox":true,"showFlares":true,"showImageEffects":true,"showParticleSystems":true,"showVisualEffectGraphs":true,"m_FxEnabled":true},"in2DMode":false,"pivot":{"x":0.6175208687782288,"y":2.760552167892456,"z":0.08892741799354553},"rotation":{"x":-0.02130207046866417,"y":-0.023395560681819917,"z":0.0004976449999958277,"w":-0.9994992017745972},"size":3.478769063949585,"orthographic":false}